                  epoch,         train/box_loss,         train/cls_loss,         train/dfl_loss,   metrics/precision(B),      metrics/recall(B),       metrics/mAP50(B),    metrics/mAP50-95(B),           val/box_loss,           val/cls_loss,           val/dfl_loss,                 lr/pg0,                 lr/pg1,                 lr/pg2
                      1,                 1.4341,                 3.4775,                  1.508,                0.02109,                0.24003,                0.18334,                0.12374,                 1.1907,                 3.7879,                 1.3573,             0.00017776,             0.00017776,             0.00017776
                      2,                 1.3232,                 2.3441,                 1.4735,                0.08286,                0.53788,                0.37774,                0.25835,                 1.2891,                  3.204,                 1.3928,             0.00036542,             0.00036542,             0.00036542
                      3,                 1.2296,                 1.8811,                  1.381,                0.86259,                0.30896,                0.44538,                0.29849,                 1.2935,                 2.8323,                 1.3995,             0.00055183,             0.00055183,             0.00055183
                      4,                 1.2957,                 1.6887,                  1.369,                0.68525,                0.48906,                0.58621,                0.39741,                 1.3349,                 2.2496,                 1.3906,               0.000737,               0.000737,               0.000737
                      5,                 1.2804,                 1.6392,                 1.3594,                0.54126,                0.43953,                0.48528,                0.32304,                 1.4374,                  2.611,                 1.5381,             0.00092092,             0.00092092,             0.00092092
                      6,                 1.2315,                  1.507,                 1.3631,                0.53276,                0.51516,                0.54738,                0.36473,                 1.3762,                 2.2407,                  1.491,              0.0010927,              0.0010927,              0.0010927
                      7,                 1.2468,                 1.4518,                 1.3456,                0.76877,                0.41505,                0.49948,                0.30722,                 1.6087,                 2.4491,                 1.7686,              0.0010927,              0.0010927,              0.0010927
                      8,                 1.2123,                 1.4932,                 1.3498,                0.53587,                0.48642,                0.53168,                0.34256,                 1.4922,                 2.3051,                 1.6104,               0.001089,               0.001089,               0.001089
                      9,                 1.2035,                 1.3818,                 1.3345,                0.64376,                0.68411,                0.74967,                0.45423,                 1.4134,                 1.6264,                 1.5068,              0.0010853,              0.0010853,              0.0010853
                     10,                 1.2175,                 1.4056,                 1.3645,                0.64418,                 0.6937,                0.71281,                0.43353,                 1.4275,                 1.5138,                 1.4551,              0.0010817,              0.0010817,              0.0010817
                     11,                 1.2087,                 1.3459,                 1.3372,                0.67728,                0.65859,                0.71101,                0.43166,                 1.4046,                 1.5708,                  1.515,               0.001078,               0.001078,               0.001078
                     12,                 1.2974,                 1.3986,                  1.382,                0.54374,                0.72399,                0.66362,                0.43438,                 1.3695,                  1.556,                 1.4271,              0.0010743,              0.0010743,              0.0010743
                     13,                 1.1913,                 1.2696,                 1.3143,                0.72066,                0.68002,                0.77826,                0.49171,                 1.3713,                 1.4148,                  1.458,              0.0010707,              0.0010707,              0.0010707
                     14,                  1.206,                 1.2963,                  1.332,                0.67594,                0.71042,                0.72237,                0.45967,                 1.4151,                 1.6011,                 1.4529,               0.001067,               0.001067,               0.001067
                     15,                  1.183,                 1.2271,                 1.3243,                0.75864,                0.64124,                0.76071,                0.48267,                 1.4223,                 1.5358,                 1.4825,              0.0010633,              0.0010633,              0.0010633
                     16,                 1.1187,                 1.2159,                 1.2764,                0.72353,                0.67796,                0.75747,                0.49678,                 1.3283,                  1.445,                  1.387,              0.0010597,              0.0010597,              0.0010597
                     17,                 1.1588,                 1.1712,                 1.2829,                0.67647,                0.73966,                0.76719,                0.48855,                 1.4067,                 1.3425,                 1.4637,               0.001056,               0.001056,               0.001056
                     18,                 1.1387,                 1.1747,                 1.2729,                0.71243,                0.76491,                0.77708,                 0.5085,                 1.3153,                 1.3308,                 1.3758,              0.0010523,              0.0010523,              0.0010523
                     19,                 1.1103,                 1.1436,                 1.2665,                0.65946,                0.65559,                0.73764,                0.48823,                 1.3333,                 1.4282,                 1.4228,              0.0010487,              0.0010487,              0.0010487
                     20,                 1.1546,                 1.2234,                 1.3032,                0.68655,                0.73429,                0.77685,                0.48539,                 1.3747,                 1.3845,                 1.4157,               0.001045,               0.001045,               0.001045
                     21,                 1.0936,                 1.1015,                 1.2413,                0.77071,                0.78143,                0.83703,                0.52614,                 1.2933,                 1.2818,                  1.394,              0.0010413,              0.0010413,              0.0010413
                     22,                  1.144,                 1.1145,                 1.2709,                0.72052,                0.73641,                0.78744,                0.48398,                 1.4201,                 1.4695,                 1.5114,              0.0010377,              0.0010377,              0.0010377
                     23,                  1.103,                 1.1333,                 1.2484,                0.67769,                0.71728,                0.76937,                0.50378,                    1.3,                 1.3016,                 1.4623,               0.001034,               0.001034,               0.001034
                     24,                 1.0847,                  1.056,                 1.2379,                0.76361,                0.69244,                0.78848,                0.53502,                 1.2381,                 1.2925,                 1.3941,              0.0010303,              0.0010303,              0.0010303
                     25,                  1.047,                0.98478,                 1.2219,                0.70735,                0.61095,                0.70636,                0.44331,                 1.3717,                 1.4953,                 1.4732,              0.0010267,              0.0010267,              0.0010267
                     26,                 1.0255,                0.97947,                 1.2035,                0.79138,                  0.656,                0.72633,                 0.4907,                 1.2567,                 1.2696,                 1.3863,               0.001023,               0.001023,               0.001023
                     27,                 1.0772,                0.98598,                 1.2451,                0.80355,                0.60966,                0.72696,                0.48644,                 1.2557,                 1.4277,                 1.3823,              0.0010193,              0.0010193,              0.0010193
                     28,                 1.0579,                0.96922,                 1.2413,                 0.7833,                0.76751,                0.82296,                0.53425,                 1.2507,                 1.1082,                 1.3822,              0.0010157,              0.0010157,              0.0010157
                     29,                 1.0308,                0.93881,                 1.2034,                0.72723,                0.79138,                0.81079,                   0.52,                 1.2983,                 1.1266,                 1.4235,               0.001012,               0.001012,               0.001012
                     30,                0.99478,                0.92472,                 1.1988,                0.71668,                 0.7867,                0.79214,                0.52809,                 1.2577,                 1.1843,                 1.4217,              0.0010083,              0.0010083,              0.0010083
                     31,                0.99656,                0.90312,                 1.1946,                0.73967,                0.74883,                0.78694,                0.51726,                 1.2978,                 1.1918,                 1.4177,              0.0010047,              0.0010047,              0.0010047
                     32,                  1.021,                0.92919,                 1.2141,                0.77318,                0.79083,                0.82338,                0.54311,                 1.2693,                 1.1318,                 1.3863,               0.001001,               0.001001,               0.001001
                     33,                 1.0124,                0.89091,                 1.1992,                0.75746,                0.77724,                0.80897,                0.52055,                 1.2751,                 1.1782,                 1.4083,             0.00099734,             0.00099734,             0.00099734
                     34,                 1.0026,                0.90866,                 1.2031,                0.76782,                  0.798,                0.82048,                0.52646,                  1.358,                 1.2263,                 1.4412,             0.00099368,             0.00099368,             0.00099368
                     35,                 1.0126,                0.91573,                 1.2099,                0.76307,                0.80766,                0.81392,                0.53968,                 1.3029,                 1.2969,                 1.4082,             0.00099001,             0.00099001,             0.00099001
                     36,                 1.0213,                0.87699,                  1.203,                0.76976,                0.73875,                0.79312,                0.50773,                  1.346,                 1.1876,                 1.4648,             0.00098635,             0.00098635,             0.00098635
                     37,                 1.0083,                0.89196,                 1.1817,                0.70305,                0.67445,                0.73547,                0.47966,                 1.3007,                 1.3024,                 1.4017,             0.00098268,             0.00098268,             0.00098268
                     38,                0.99874,                0.88724,                 1.1786,                0.77235,                0.75553,                0.82196,                0.53958,                 1.3029,                 1.1592,                 1.3785,             0.00097901,             0.00097901,             0.00097901
                     39,                 1.0161,                0.85854,                 1.1946,                0.76551,                0.81252,                 0.8388,                0.54883,                 1.2705,                 1.0802,                 1.3509,             0.00097535,             0.00097535,             0.00097535
                     40,                0.98699,                0.83114,                  1.182,                 0.8114,                0.79106,                0.84988,                0.55332,                 1.2885,                  1.113,                 1.4122,             0.00097168,             0.00097168,             0.00097168
                     41,                0.99182,                0.84049,                 1.1763,                 0.7804,                 0.8377,                0.86362,                0.56978,                 1.2584,                 1.0015,                  1.409,             0.00096801,             0.00096801,             0.00096801
                     42,                0.95358,                0.78726,                 1.1736,                0.78653,                0.84232,                0.84529,                0.55589,                 1.3073,                0.95705,                 1.4496,             0.00096435,             0.00096435,             0.00096435
                     43,                  1.011,                0.85651,                 1.2163,                0.80113,                0.84201,                0.84503,                0.54443,                   1.29,                 1.0854,                  1.391,             0.00096068,             0.00096068,             0.00096068
                     44,                0.99792,                0.82151,                 1.1867,                0.77146,                0.87798,                  0.843,                 0.5453,                 1.2765,                0.99963,                 1.4045,             0.00095702,             0.00095702,             0.00095702
                     45,                 1.0019,                 0.8237,                 1.1807,                0.76198,                0.84559,                0.85471,                0.56525,                 1.2351,                0.93691,                 1.3692,             0.00095335,             0.00095335,             0.00095335
                     46,                0.94089,                0.76015,                 1.1528,                0.78393,                0.82433,                0.85547,                0.56082,                 1.2408,                0.91282,                 1.3606,             0.00094968,             0.00094968,             0.00094968
                     47,                0.96562,                0.80181,                 1.1762,                0.70323,                0.74182,                0.79771,                0.50937,                 1.3631,                 1.1097,                  1.463,             0.00094602,             0.00094602,             0.00094602
                     48,                0.95561,                0.78684,                 1.1381,                0.76247,                0.81283,                0.82574,                0.56263,                 1.2053,                0.96299,                 1.3434,             0.00094235,             0.00094235,             0.00094235
                     49,                0.93976,                0.77198,                 1.1671,                0.81874,                0.81254,                 0.8398,                0.55821,                   1.24,                0.96719,                 1.3575,             0.00093868,             0.00093868,             0.00093868
                     50,                0.96084,                0.77029,                 1.1604,                0.77056,                0.73056,                0.76341,                 0.5218,                  1.235,                 1.1063,                 1.3582,             0.00093502,             0.00093502,             0.00093502
                     51,                0.94201,                0.77407,                 1.1737,                0.74367,                0.71362,                0.75504,                0.52874,                  1.267,                 1.1775,                 1.3599,             0.00093135,             0.00093135,             0.00093135
                     52,                 0.9117,                0.80046,                 1.1453,                 0.8155,                 0.6245,                0.73042,                0.48241,                 1.2979,                  1.311,                 1.3864,             0.00092769,             0.00092769,             0.00092769
                     53,                0.95599,                0.77073,                 1.1675,                0.83149,                 0.6351,                0.73279,                0.50381,                 1.2518,                 1.2947,                 1.4086,             0.00092402,             0.00092402,             0.00092402
                     54,                0.95091,                0.72703,                 1.1469,                0.80296,                0.67932,                0.74479,                0.48871,                 1.2801,                 1.2179,                 1.4246,             0.00092035,             0.00092035,             0.00092035
                     55,                0.91775,                0.77392,                 1.1636,                0.75949,                0.74871,                0.77473,                0.51338,                 1.2679,                 1.2087,                  1.412,             0.00091669,             0.00091669,             0.00091669
                     56,                0.93975,                0.73762,                 1.1357,                0.79112,                0.81046,                0.82616,                 0.5509,                 1.2276,                 1.0151,                 1.3587,             0.00091302,             0.00091302,             0.00091302
                     57,                 0.9272,                0.71548,                 1.1556,                0.71225,                0.82706,                0.80677,                0.54426,                 1.2267,                 1.0173,                 1.3659,             0.00090935,             0.00090935,             0.00090935
                     58,                0.93592,                0.73898,                 1.1675,                0.74841,                0.78913,                0.81738,                0.54032,                 1.2323,                 1.1035,                 1.3834,             0.00090569,             0.00090569,             0.00090569
                     59,                 0.9258,                0.74702,                 1.1458,                0.74366,                0.73799,                0.78769,                0.52329,                 1.2784,                 1.0886,                 1.4062,             0.00090202,             0.00090202,             0.00090202
                     60,                0.89103,                0.71528,                 1.1348,                0.74393,                0.74893,                 0.8039,                0.54089,                 1.2251,                 1.1587,                 1.3707,             0.00089835,             0.00089835,             0.00089835
                     61,                0.89043,                0.69096,                 1.1331,                0.77878,                 0.8904,                0.85886,                0.56966,                 1.2564,                 0.9518,                 1.3851,             0.00089469,             0.00089469,             0.00089469
                     62,                0.87415,                0.66509,                  1.109,                0.76597,                0.80271,                0.84931,                  0.568,                 1.2451,                0.95114,                  1.388,             0.00089102,             0.00089102,             0.00089102
                     63,                0.89281,                0.68544,                 1.1304,                0.77246,                0.79397,                0.83982,                0.56427,                 1.2716,                0.94633,                 1.4034,             0.00088736,             0.00088736,             0.00088736
                     64,                0.91888,                0.71028,                 1.1309,                0.77744,                0.73056,                0.79272,                0.53718,                 1.2882,                 1.0951,                 1.4364,             0.00088369,             0.00088369,             0.00088369
                     65,                0.89325,                0.70337,                 1.1231,                0.77913,                 0.7124,                0.78659,                 0.5261,                 1.3221,                 1.1068,                 1.4307,             0.00088002,             0.00088002,             0.00088002
                     66,                0.88899,                0.69822,                 1.1071,                0.74195,                0.84967,                0.83472,                0.56408,                 1.2573,                0.90784,                 1.3923,             0.00087636,             0.00087636,             0.00087636
                     67,                0.88752,                0.69523,                 1.1338,                0.79596,                0.84308,                0.84069,                0.56669,                 1.2161,                0.90783,                 1.3624,             0.00087269,             0.00087269,             0.00087269
                     68,                0.83764,                0.64666,                 1.1039,                0.81199,                0.75879,                0.81842,                 0.5389,                 1.2819,                 1.0364,                 1.4326,             0.00086902,             0.00086902,             0.00086902
                     69,                0.88696,                0.66603,                 1.1479,                0.73642,                0.77637,                 0.7953,                0.53562,                 1.2767,                 1.0381,                 1.4245,             0.00086536,             0.00086536,             0.00086536
                     70,                0.86647,                 0.6713,                 1.1133,                0.76277,                0.81591,                0.83611,                0.54294,                 1.3028,                0.98647,                 1.4276,             0.00086169,             0.00086169,             0.00086169
                     71,                0.89111,                0.70915,                 1.1515,                0.77787,                0.84601,                0.85147,                0.54967,                  1.334,                0.98816,                 1.4449,             0.00085803,             0.00085803,             0.00085803
                     72,                0.88016,                0.66969,                 1.1345,                0.79285,                0.78857,                0.82468,                0.56049,                  1.274,                0.90454,                 1.4175,             0.00085436,             0.00085436,             0.00085436
                     73,                0.88676,                0.66805,                 1.1242,                0.75013,                0.79903,                0.82218,                0.53999,                 1.2531,                0.96646,                 1.3761,             0.00085069,             0.00085069,             0.00085069
                     74,                0.88068,                0.63275,                 1.0919,                0.77049,                0.82309,                0.84152,                0.55876,                 1.2158,                0.90508,                 1.3526,             0.00084703,             0.00084703,             0.00084703
                     75,                0.88601,                0.66473,                 1.1159,                0.77439,                 0.7922,                0.83113,                0.54911,                 1.2636,                0.98131,                 1.3744,             0.00084336,             0.00084336,             0.00084336
                     76,                0.87799,                0.64282,                 1.1155,                0.82111,                0.80015,                0.85553,                0.55347,                 1.2647,                0.88886,                 1.3497,             0.00083969,             0.00083969,             0.00083969
                     77,                0.87136,                0.66805,                 1.1339,                0.73291,                0.78933,                0.81334,                0.54603,                 1.2275,                0.97002,                 1.3551,             0.00083603,             0.00083603,             0.00083603
                     78,                0.84672,                0.61371,                 1.0798,                0.80775,                0.77134,                0.80353,                0.53133,                 1.2599,                 1.0181,                 1.3761,             0.00083236,             0.00083236,             0.00083236
                     79,                0.89296,                0.68047,                 1.1349,                0.80995,                0.75019,                0.80663,                0.52492,                 1.2991,                 1.0765,                 1.4265,             0.00082869,             0.00082869,             0.00082869
                     80,                 0.8464,                0.68804,                  1.129,                 0.7832,                0.77422,                0.82357,                0.55342,                  1.247,                 1.0226,                 1.4076,             0.00082503,             0.00082503,             0.00082503
                     81,                0.82561,                 0.6311,                 1.0964,                 0.8021,                0.87554,                0.86374,                0.57626,                 1.2323,                0.87981,                 1.3798,             0.00082136,             0.00082136,             0.00082136
                     82,                0.83898,                   0.62,                 1.0855,                0.82635,                0.81863,                0.84296,                0.55878,                 1.2651,                 0.9205,                 1.3909,              0.0008177,              0.0008177,              0.0008177
                     83,                0.80894,                0.59839,                 1.0863,                0.81791,                0.78664,                0.81533,                0.54455,                 1.2772,                 0.9689,                 1.4234,             0.00081403,             0.00081403,             0.00081403
                     84,                 0.8288,                0.62404,                 1.1048,                0.83584,                0.79128,                0.81515,                0.54512,                 1.2607,                0.95999,                 1.4272,             0.00081036,             0.00081036,             0.00081036
                     85,                0.82218,                0.61338,                 1.1017,                0.78984,                0.80361,                0.83108,                0.55204,                 1.2936,                0.96082,                 1.4442,              0.0008067,              0.0008067,              0.0008067
                     86,                0.85482,                0.62224,                 1.1083,                0.76417,                0.85289,                0.86413,                0.56963,                  1.257,                0.85611,                 1.4076,             0.00080303,             0.00080303,             0.00080303
                     87,                0.84344,                0.61246,                 1.0949,                0.81038,                0.80245,                0.85667,                0.55371,                 1.3197,                0.88972,                 1.4725,             0.00079936,             0.00079936,             0.00079936
                     88,                0.81857,                0.60929,                 1.0686,                0.82783,                 0.7743,                0.84762,                0.55884,                 1.2923,                0.98667,                 1.4013,              0.0007957,              0.0007957,              0.0007957
                     89,                0.81159,                0.61683,                 1.0923,                 0.8373,                0.77716,                0.82055,                 0.5527,                 1.2606,                0.92541,                 1.3892,             0.00079203,             0.00079203,             0.00079203
                     90,                 0.8384,                0.61057,                  1.096,                0.79533,                0.79123,                0.80019,                0.53552,                 1.2637,                0.98053,                 1.3898,             0.00078837,             0.00078837,             0.00078837
                     91,                0.80777,                0.60255,                 1.0584,                0.82288,                0.75863,                0.79483,                0.53305,                 1.2711,                  1.037,                 1.3969,              0.0007847,              0.0007847,              0.0007847
                     92,                 0.8387,                0.59388,                 1.0892,                0.77588,                0.75011,                0.81604,                0.55828,                 1.2377,                0.93537,                 1.3994,             0.00078103,             0.00078103,             0.00078103
                     93,                0.83774,                0.60056,                 1.0899,                0.78986,                0.82038,                0.83161,                0.56097,                 1.2436,                0.87473,                 1.4054,             0.00077737,             0.00077737,             0.00077737
                     94,                0.79078,                0.57417,                  1.086,                0.80076,                0.84105,                0.84492,                0.56981,                 1.2196,                0.90776,                 1.3508,              0.0007737,              0.0007737,              0.0007737
                     95,                0.80276,                0.59106,                 1.0899,                0.83065,                0.72287,                0.80982,                0.53376,                 1.3178,                 1.0585,                 1.4361,             0.00077003,             0.00077003,             0.00077003
                     96,                0.86076,                0.62658,                 1.1061,                0.84961,                0.71913,                0.79715,                0.52593,                 1.3318,                 1.1024,                 1.4673,             0.00076637,             0.00076637,             0.00076637
                     97,                0.82154,                0.58927,                 1.0708,                0.79615,                0.80454,                0.82875,                 0.5428,                 1.2874,                0.98628,                 1.4003,              0.0007627,              0.0007627,              0.0007627
                     98,                 0.7968,                0.56809,                 1.0707,                0.77881,                0.80432,                0.82209,                 0.5379,                 1.2982,                 1.0176,                  1.439,             0.00075904,             0.00075904,             0.00075904
                     99,                0.81141,                0.59553,                 1.0803,                0.81519,                0.73613,                0.78635,                0.51928,                 1.2871,                 1.1183,                 1.4405,             0.00075537,             0.00075537,             0.00075537
                    100,                 0.7801,                0.57168,                 1.0581,                0.83668,                0.68529,                0.75793,                0.49534,                 1.2947,                 1.1633,                 1.4434,              0.0007517,              0.0007517,              0.0007517
                    101,                0.79416,                0.57219,                 1.0916,                0.84874,                0.72753,                0.80221,                0.54396,                 1.2372,                 1.0733,                 1.3961,             0.00074804,             0.00074804,             0.00074804
                    102,                 0.7939,                0.59112,                 1.0989,                0.87279,                0.74575,                0.83803,                0.55295,                  1.316,                 1.0451,                 1.4356,             0.00074437,             0.00074437,             0.00074437
                    103,                0.77289,                0.57589,                 1.0777,                0.82763,                0.78622,                0.84787,                0.55178,                   1.32,                0.93047,                 1.4766,              0.0007407,              0.0007407,              0.0007407
                    104,                0.82817,                0.61046,                 1.0912,                0.83018,                0.75188,                0.81092,                0.52698,                  1.317,                 1.0056,                 1.4576,             0.00073704,             0.00073704,             0.00073704
                    105,                0.76858,                0.57565,                 1.0769,                0.83299,                0.66612,                0.77083,                0.52195,                   1.32,                 1.2309,                 1.4621,             0.00073337,             0.00073337,             0.00073337
                    106,                0.79688,                0.58203,                 1.0696,                0.77273,                0.67225,                0.76356,                0.51303,                 1.3583,                  1.223,                 1.5268,              0.0007297,              0.0007297,              0.0007297
                    107,                0.80545,                0.56811,                 1.0758,                0.77691,                0.77352,                0.78936,                0.52767,                 1.3057,                 1.0299,                 1.4689,             0.00072604,             0.00072604,             0.00072604
                    108,                0.79167,                0.56413,                 1.0576,                0.78312,                0.78448,                 0.8235,                 0.5316,                 1.3188,                0.98513,                 1.4548,             0.00072237,             0.00072237,             0.00072237
                    109,                0.76488,                0.57615,                 1.0752,                0.78606,                0.79522,                 0.8421,                0.55157,                 1.2684,                0.95248,                 1.4136,             0.00071871,             0.00071871,             0.00071871
                    110,                 0.7972,                0.60257,                  1.091,                0.79338,                0.81295,                0.85931,                0.57007,                  1.269,                0.93939,                 1.4057,             0.00071504,             0.00071504,             0.00071504
                    111,                0.77563,                0.54672,                 1.0639,                0.81966,                0.78915,                0.85799,                0.55356,                 1.3216,                0.98428,                 1.4283,             0.00071137,             0.00071137,             0.00071137
                    112,                 0.7589,                0.53646,                 1.0529,                0.82095,                0.79962,                0.83804,                0.55132,                 1.2762,                0.92001,                 1.3952,             0.00070771,             0.00070771,             0.00070771
                    113,                0.78167,                0.56335,                  1.066,                0.82175,                0.79331,                0.84222,                0.55232,                 1.2513,                0.89912,                 1.4068,             0.00070404,             0.00070404,             0.00070404
                    114,                0.76957,                0.55331,                 1.0675,                0.87186,                0.75529,                0.84233,                0.55903,                 1.2416,                0.91933,                 1.3862,             0.00070037,             0.00070037,             0.00070037
                    115,                0.79523,                0.57221,                 1.0804,                0.79195,                0.75604,                0.80594,                0.55456,                 1.2218,                0.97666,                 1.3787,             0.00069671,             0.00069671,             0.00069671
                    116,                0.79583,                0.56163,                  1.092,                0.71596,                0.78792,                0.78338,                0.54481,                 1.2375,                 1.0046,                   1.39,             0.00069304,             0.00069304,             0.00069304
                    117,                0.75033,                0.56477,                 1.0806,                0.78134,                0.78921,                0.82625,                0.55477,                 1.2765,                0.93902,                 1.4012,             0.00068938,             0.00068938,             0.00068938
                    118,                0.78368,                0.55802,                 1.0703,                0.78866,                0.81689,                0.84695,                0.55866,                 1.2767,                0.89766,                 1.3969,             0.00068571,             0.00068571,             0.00068571
                    119,                 0.7512,                0.53617,                 1.0423,                0.82158,                 0.8062,                0.85226,                0.56069,                 1.2894,                 1.0003,                 1.3886,             0.00068204,             0.00068204,             0.00068204
                    120,                0.77098,                0.56532,                 1.0612,                0.79427,                 0.7663,                0.80876,                0.55171,                 1.2157,                0.95682,                 1.3784,             0.00067838,             0.00067838,             0.00067838
                    121,                0.74896,                0.55288,                 1.0604,                0.81308,                0.72366,                0.77723,                0.54151,                 1.2087,                0.99308,                 1.3842,             0.00067471,             0.00067471,             0.00067471
                    122,                0.74717,                0.53556,                 1.0579,                0.79495,                0.77175,                0.80295,                  0.559,                 1.2557,                0.91981,                  1.417,             0.00067104,             0.00067104,             0.00067104
                    123,                0.75087,                0.53165,                 1.0563,                0.77479,                0.82992,                0.84588,                0.57482,                 1.2312,                0.87728,                 1.3929,             0.00066738,             0.00066738,             0.00066738
                    124,                0.76003,                0.54243,                 1.0635,                 0.8294,                0.78202,                0.84046,                0.55661,                 1.2681,                0.89358,                 1.3936,             0.00066371,             0.00066371,             0.00066371
                    125,                0.75936,                0.55336,                 1.0702,                0.80077,                0.82498,                 0.8518,                0.56789,                  1.238,                0.92332,                 1.3748,             0.00066005,             0.00066005,             0.00066005
                    126,                0.72083,                0.51399,                 1.0415,                 0.7914,                0.81732,                0.85715,                0.57647,                 1.2258,                0.94566,                 1.3746,             0.00065638,             0.00065638,             0.00065638
                    127,                0.77075,                0.53269,                 1.0677,                0.77545,                0.82133,                0.85365,                0.58728,                 1.1879,                0.87518,                  1.352,             0.00065271,             0.00065271,             0.00065271
                    128,                0.73949,                0.52825,                 1.0433,                0.77497,                0.82023,                0.85339,                0.58469,                 1.1843,                0.87921,                 1.3459,             0.00064905,             0.00064905,             0.00064905
                    129,                0.73161,                0.49858,                 1.0408,                0.82461,                0.79641,                0.85777,                0.58265,                 1.1862,                0.87923,                 1.3388,             0.00064538,             0.00064538,             0.00064538
                    130,                0.72885,                0.52273,                 1.0578,                0.80378,                0.82819,                0.85182,                0.57415,                 1.2385,                0.88072,                 1.3822,             0.00064171,             0.00064171,             0.00064171
                    131,                0.72099,                0.52898,                 1.0336,                0.82188,                0.79653,                0.84662,                0.56144,                 1.2745,                0.86502,                  1.436,             0.00063805,             0.00063805,             0.00063805
                    132,                 0.7212,                0.51948,                 1.0411,                0.82407,                0.86664,                0.88498,                 0.5841,                 1.2738,                0.83209,                 1.4431,             0.00063438,             0.00063438,             0.00063438
                    133,                0.75095,                0.52623,                 1.0322,                0.84166,                0.88656,                0.88255,                 0.5847,                 1.2545,                0.82327,                 1.4165,             0.00063071,             0.00063071,             0.00063071
                    134,                0.73593,                0.52782,                  1.058,                0.82838,                0.86871,                0.87151,                0.57415,                 1.2686,                0.82692,                 1.4209,             0.00062705,             0.00062705,             0.00062705
                    135,                0.72058,                0.50425,                 1.0405,                0.80859,                0.82545,                0.84811,                0.56603,                 1.2572,                0.87109,                 1.4475,             0.00062338,             0.00062338,             0.00062338
                    136,                0.74001,                0.52273,                 1.0494,                0.77355,                0.85669,                0.84345,                0.56011,                 1.2606,                0.85617,                 1.4308,             0.00061972,             0.00061972,             0.00061972
                    137,                0.73042,                0.51494,                  1.043,                0.79941,                0.86283,                0.85597,                0.56862,                 1.2438,                0.84944,                 1.4179,             0.00061605,             0.00061605,             0.00061605
                    138,                0.70987,                0.51068,                  1.019,                0.80595,                0.82547,                0.83752,                0.55862,                 1.2671,                0.91089,                 1.4473,             0.00061238,             0.00061238,             0.00061238
                    139,                0.73294,                0.51488,                 1.0444,                0.82454,                0.79552,                0.83149,                 0.5429,                 1.3076,                 1.0053,                 1.4496,             0.00060872,             0.00060872,             0.00060872
                    140,                0.71426,                0.51827,                 1.0476,                0.84132,                0.82088,                0.84601,                0.55299,                 1.3279,                 1.0147,                 1.4434,             0.00060505,             0.00060505,             0.00060505
                    141,                0.73467,                0.50769,                 1.0395,                0.80092,                0.84286,                0.83977,                0.55774,                 1.2526,                0.83332,                 1.4205,             0.00060138,             0.00060138,             0.00060138
                    142,                0.72253,                0.51412,                 1.0431,                0.82477,                  0.856,                0.85633,                0.56344,                 1.2523,                0.80383,                 1.4204,             0.00059772,             0.00059772,             0.00059772
                    143,                0.72697,                  0.496,                 1.0328,                0.83007,                 0.8694,                0.86937,                0.58018,                 1.2262,                0.80435,                 1.3954,             0.00059405,             0.00059405,             0.00059405
                    144,                0.72178,                0.50679,                 1.0238,                0.87124,                 0.8712,                0.88523,                0.58978,                 1.2291,                 0.8147,                 1.4115,             0.00059039,             0.00059039,             0.00059039
                    145,                0.71956,                 0.5097,                 1.0419,                0.84615,                0.90028,                0.87788,                0.57854,                 1.2394,                0.80723,                 1.4141,             0.00058672,             0.00058672,             0.00058672
                    146,                0.72817,                 0.4985,                  1.029,                0.80068,                0.84555,                0.85245,                0.56481,                 1.2504,                 0.8291,                 1.4338,             0.00058305,             0.00058305,             0.00058305
                    147,                0.72467,                0.49824,                 1.0385,                0.82209,                0.77316,                0.83105,                0.55966,                 1.2205,                0.90243,                 1.3931,             0.00057939,             0.00057939,             0.00057939
                    148,                0.70028,                0.49324,                 1.0404,                0.76059,                0.80979,                0.83172,                0.55841,                 1.2281,                0.97194,                 1.3875,             0.00057572,             0.00057572,             0.00057572
                    149,                0.75713,                0.50855,                 1.0591,                0.79705,                0.83253,                0.85221,                0.56785,                 1.2145,                0.89755,                 1.3811,             0.00057205,             0.00057205,             0.00057205
                    150,                0.74679,                0.50942,                 1.0497,                0.82199,                0.86526,                0.85875,                0.56611,                 1.2416,                0.81905,                 1.4358,             0.00056839,             0.00056839,             0.00056839
                    151,                0.72132,                0.48922,                 1.0282,                0.86033,                0.83109,                 0.8769,                0.57182,                 1.2335,                0.79198,                 1.4033,             0.00056472,             0.00056472,             0.00056472
                    152,                0.71352,                0.49922,                 1.0253,                0.86263,                0.78717,                0.86302,                0.57497,                 1.2916,                0.88936,                 1.4469,             0.00056105,             0.00056105,             0.00056105
                    153,                0.68373,                0.45813,                 1.0057,                0.80602,                0.82969,                0.86305,                0.57686,                 1.2768,                0.85229,                 1.4335,             0.00055739,             0.00055739,             0.00055739
                    154,                0.69557,                0.49408,                 1.0307,                0.81292,                0.81795,                0.84765,                0.56188,                 1.2446,                 0.8664,                 1.4237,             0.00055372,             0.00055372,             0.00055372
                    155,                0.69579,                0.50724,                 1.0271,                0.82519,                0.80548,                0.82358,                0.56042,                  1.236,                0.91488,                 1.4086,             0.00055006,             0.00055006,             0.00055006
                    156,                0.68321,                0.46034,                 1.0095,                0.81644,                0.78827,                0.82488,                0.56602,                 1.2365,                0.87419,                 1.4022,             0.00054639,             0.00054639,             0.00054639
                    157,                0.71301,                0.49571,                  1.048,                0.80506,                0.81056,                0.83157,                0.56792,                 1.2265,                0.88903,                 1.4091,             0.00054272,             0.00054272,             0.00054272
                    158,                0.72282,                0.49431,                 1.0425,                0.81156,                0.79657,                0.82507,                0.55022,                 1.2679,                0.95756,                 1.4251,             0.00053906,             0.00053906,             0.00053906
                    159,                0.69761,                 0.4689,                 1.0239,                0.87559,                0.77063,                0.81621,                0.54153,                 1.2945,                0.99249,                  1.441,             0.00053539,             0.00053539,             0.00053539
                    160,                0.68668,                0.47656,                 1.0309,                0.81415,                0.79921,                0.82571,                0.53832,                 1.3177,                0.95555,                   1.48,             0.00053172,             0.00053172,             0.00053172
                    161,                0.69679,                0.47761,                  1.018,                0.81695,                0.79505,                0.81971,                0.54667,                 1.2793,                0.92506,                  1.421,             0.00052806,             0.00052806,             0.00052806
                    162,                0.67684,                0.49048,                 1.0147,                0.83058,                0.79958,                0.83216,                0.57244,                  1.217,                0.83637,                 1.3612,             0.00052439,             0.00052439,             0.00052439
                    163,                0.68966,                0.49197,                 1.0243,                0.84275,                0.80291,                 0.8393,                 0.5738,                 1.2225,                0.82741,                 1.3852,             0.00052073,             0.00052073,             0.00052073
                    164,                0.68008,                0.47913,                 1.0254,                0.83762,                0.80039,                0.83916,                0.56626,                 1.2262,                0.88476,                 1.4095,             0.00051706,             0.00051706,             0.00051706
                    165,                0.67428,                0.46794,                  1.022,                0.88169,                0.74403,                0.83066,                0.55553,                 1.2312,                0.96696,                 1.3926,             0.00051339,             0.00051339,             0.00051339
                    166,                0.66454,                 0.4633,                 1.0125,                0.84323,                 0.7333,                0.82516,                0.56031,                 1.1909,                 1.0396,                 1.3582,             0.00050973,             0.00050973,             0.00050973
                    167,                0.67365,                0.47519,                 1.0316,                0.85422,                 0.7114,                0.82249,                0.56621,                 1.2095,                 1.0701,                 1.3755,             0.00050606,             0.00050606,             0.00050606
                    168,                0.68158,                0.47613,                 1.0292,                0.77518,                0.74818,                0.83119,                0.54956,                  1.215,                0.99901,                 1.3694,             0.00050239,             0.00050239,             0.00050239
                    169,                0.65897,                 0.4618,                0.99117,                0.82845,                0.80291,                0.85748,                0.55922,                 1.2298,                 0.9234,                 1.3923,             0.00049873,             0.00049873,             0.00049873
                    170,                0.69242,                0.46837,                 1.0284,                0.84536,                0.79793,                0.86206,                0.57681,                 1.2329,                0.91299,                 1.4052,             0.00049506,             0.00049506,             0.00049506
                    171,                0.66715,                0.45952,                   1.01,                0.87634,                0.77859,                0.86259,                0.57873,                 1.2232,                 0.9131,                 1.4163,              0.0004914,              0.0004914,              0.0004914
                    172,                0.68223,                0.46417,                 1.0125,                0.85516,                0.78946,                0.84857,                0.55857,                 1.2534,                0.95217,                 1.4264,             0.00048773,             0.00048773,             0.00048773
                    173,                0.66094,                0.47036,                0.99532,                0.87053,                0.77031,                0.82875,                0.54757,                 1.2662,                0.98503,                 1.4398,             0.00048406,             0.00048406,             0.00048406
                    174,                0.65325,                0.46437,                 1.0075,                 0.8159,                0.78031,                0.82255,                0.53521,                 1.3322,                 1.0035,                 1.4889,              0.0004804,              0.0004804,              0.0004804
                    175,                  0.663,                0.44427,                 1.0136,                0.80179,                0.79441,                0.82652,                0.54292,                  1.301,                0.98631,                 1.4691,             0.00047673,             0.00047673,             0.00047673
                    176,                0.65273,                0.45172,                0.97626,                0.81277,                0.77414,                0.83948,                0.55382,                  1.266,                0.95994,                 1.4493,             0.00047306,             0.00047306,             0.00047306
                    177,                0.66066,                0.45224,                0.99509,                0.78461,                0.80224,                0.83976,                0.55652,                 1.2494,                0.88745,                 1.4408,              0.0004694,              0.0004694,              0.0004694
                    178,                0.62557,                0.43366,                0.99238,                0.82399,                 0.7646,                0.82953,                0.54901,                 1.2962,                0.93328,                 1.4709,             0.00046573,             0.00046573,             0.00046573
                    179,                0.64955,                0.43584,                 1.0056,                0.86916,                0.75421,                0.82748,                0.55371,                 1.3332,                0.95451,                 1.5316,             0.00046206,             0.00046206,             0.00046206
                    180,                0.65566,                0.44816,                 1.0015,                 0.8294,                0.77377,                0.83384,                0.54643,                 1.3529,                0.98002,                 1.5207,              0.0004584,              0.0004584,              0.0004584
                    181,                0.65019,                0.46505,                 1.0058,                0.81934,                0.77694,                0.85046,                0.55993,                 1.2927,                 1.0153,                 1.4462,             0.00045473,             0.00045473,             0.00045473
                    182,                0.65584,                0.45503,                 1.0085,                0.82396,                0.80792,                0.86019,                0.56876,                 1.2694,                0.94451,                 1.4357,             0.00045107,             0.00045107,             0.00045107
                    183,                0.64157,                0.44465,                 0.9953,                0.83235,                0.82689,                0.86955,                0.57202,                 1.2514,                0.85343,                 1.4281,              0.0004474,              0.0004474,              0.0004474
                    184,                0.65404,                0.43914,                0.98743,                0.79773,                0.84241,                0.85708,                0.57426,                 1.2384,                0.80434,                 1.4163,             0.00044373,             0.00044373,             0.00044373
                    185,                0.64418,                0.43513,                 1.0003,                0.78601,                0.84784,                0.85408,                0.58622,                 1.2246,                 0.8354,                 1.4161,             0.00044007,             0.00044007,             0.00044007
                    186,                0.63353,                0.44391,                0.99738,                0.80754,                0.82188,                0.85522,                0.58802,                 1.2294,                0.88245,                 1.4031,              0.0004364,              0.0004364,              0.0004364
                    187,                 0.6517,                0.45034,                0.99926,                0.81552,                0.85502,                0.87817,                0.59202,                 1.2305,                0.84371,                 1.3913,             0.00043273,             0.00043273,             0.00043273
                    188,                0.64943,                0.45418,                 1.0071,                0.81037,                0.82075,                0.85454,                0.57521,                 1.2506,                0.90866,                 1.4088,             0.00042907,             0.00042907,             0.00042907
                    189,                0.64334,                 0.4351,                0.98439,                0.77909,                 0.7892,                0.81571,                0.54947,                 1.2812,                0.98047,                 1.4623,              0.0004254,              0.0004254,              0.0004254
                    190,                0.65142,                0.44266,                 1.0051,                0.78629,                0.77783,                0.81586,                0.54649,                  1.298,                0.98296,                 1.4818,             0.00042174,             0.00042174,             0.00042174
                    191,                 0.6289,                0.42839,                0.99841,                0.84766,                0.76064,                0.82615,                0.54863,                 1.2941,                0.96205,                 1.4745,             0.00041807,             0.00041807,             0.00041807
                    192,                0.64291,                0.43194,                0.98967,                0.87924,                0.75072,                0.83064,                0.56142,                 1.2827,                0.93394,                 1.4692,              0.0004144,              0.0004144,              0.0004144
                    193,                0.62849,                0.43341,                0.99847,                 0.8359,                0.78676,                0.83628,                0.55744,                 1.3011,                0.92689,                 1.5141,             0.00041074,             0.00041074,             0.00041074
                    194,                0.62405,                0.42521,                0.99113,                0.82466,                0.80238,                0.84445,                0.55924,                 1.3054,                0.90305,                 1.5142,             0.00040707,             0.00040707,             0.00040707
                    195,                0.64242,                 0.4347,                0.99256,                0.80442,                0.80758,                0.84866,                0.56146,                 1.2902,                0.92693,                 1.4762,              0.0004034,              0.0004034,              0.0004034
                    196,                0.61362,                0.41984,                0.98751,                0.81685,                0.81844,                0.86656,                0.58315,                 1.2468,                0.91087,                 1.4458,             0.00039974,             0.00039974,             0.00039974
                    197,                0.63642,                0.44445,                 1.0006,                0.81164,                0.82218,                0.87361,                0.58888,                 1.2215,                0.87391,                 1.4103,             0.00039607,             0.00039607,             0.00039607
                    198,                0.62614,                0.44271,                0.98715,                0.77562,                0.80995,                0.87012,                0.59281,                 1.1957,                0.83938,                 1.3916,             0.00039241,             0.00039241,             0.00039241
                    199,                0.60789,                 0.4321,                0.99198,                0.84454,                0.76047,                 0.8523,                 0.5745,                 1.2172,                 0.8886,                 1.4131,             0.00038874,             0.00038874,             0.00038874
                    200,                0.65332,                0.44524,                0.98918,                0.83728,                0.75786,                  0.844,                0.57521,                 1.2097,                0.88096,                 1.3997,             0.00038507,             0.00038507,             0.00038507
                    201,                0.59572,                0.43139,                0.97714,                0.78862,                0.79916,                0.84567,                0.57006,                 1.2401,                0.85617,                 1.4364,             0.00038141,             0.00038141,             0.00038141
                    202,                0.60135,                0.42957,                0.98272,                0.78897,                0.78251,                0.82696,                0.56022,                 1.2413,                0.87298,                 1.4523,             0.00037774,             0.00037774,             0.00037774
                    203,                0.61169,                0.41124,                0.97345,                0.76383,                0.78847,                  0.834,                0.55317,                 1.2519,                0.83539,                 1.4555,             0.00037407,             0.00037407,             0.00037407
                    204,                0.61654,                0.40902,                0.97232,                0.74756,                0.84091,                0.83958,                0.55378,                 1.2737,                0.82364,                 1.4743,             0.00037041,             0.00037041,             0.00037041
                    205,                0.61723,                0.40867,                0.96609,                0.77586,                0.82008,                0.83656,                0.53969,                 1.3044,                0.87287,                 1.4922,             0.00036674,             0.00036674,             0.00036674
                    206,                0.63797,                0.43427,                0.98622,                 0.8133,                0.82862,                0.85109,                0.55727,                 1.2875,                0.86927,                 1.4893,             0.00036307,             0.00036307,             0.00036307
                    207,                0.60714,                0.42325,                0.98542,                0.83897,                0.83831,                0.86395,                0.57811,                 1.2531,                0.82485,                  1.454,             0.00035941,             0.00035941,             0.00035941
                    208,                0.61598,                0.41465,                0.98685,                0.84917,                0.84815,                0.87291,                0.58444,                  1.233,                 0.8301,                 1.4321,             0.00035574,             0.00035574,             0.00035574
                    209,                0.62374,                 0.4392,                0.97973,                 0.8237,                0.82663,                0.85763,                0.57892,                 1.2202,                0.84807,                 1.4212,             0.00035208,             0.00035208,             0.00035208
                    210,                0.59769,                0.41757,                0.98745,                0.78783,                0.78787,                0.82515,                0.56592,                 1.2348,                 0.8677,                 1.4381,             0.00034841,             0.00034841,             0.00034841
                    211,                0.60127,                0.41436,                0.98292,                0.79393,                0.79154,                0.82265,                0.56977,                  1.231,                0.86673,                 1.4342,             0.00034474,             0.00034474,             0.00034474
                    212,                0.62157,                0.41602,                0.98405,                0.83408,                0.81199,                0.85085,                 0.5775,                 1.2355,                0.83309,                 1.4344,             0.00034108,             0.00034108,             0.00034108
                    213,                0.61037,                0.41524,                0.98502,                0.83174,                0.81158,                0.84916,                0.56558,                 1.2789,                0.89547,                 1.4671,             0.00033741,             0.00033741,             0.00033741
                    214,                0.59095,                0.40876,                0.98934,                0.83657,                0.78674,                0.84326,                 0.5409,                 1.3372,                 0.9292,                 1.5289,             0.00033374,             0.00033374,             0.00033374
                    215,                0.60247,                0.40756,                0.97122,                0.83045,                0.79351,                0.83628,                0.54134,                 1.3414,                0.95774,                   1.56,             0.00033008,             0.00033008,             0.00033008
                    216,                0.60599,                0.40718,                0.97897,                0.81719,                0.80108,                0.83559,                0.53673,                 1.3196,                0.94214,                 1.5493,             0.00032641,             0.00032641,             0.00032641
                    217,                0.61276,                0.44368,                0.98663,                0.82949,                0.79055,                0.83549,                0.53911,                 1.3283,                0.91881,                 1.5475,             0.00032275,             0.00032275,             0.00032275
                    218,                0.60007,                0.40895,                0.96926,                0.84398,                 0.8014,                0.84943,                0.54128,                 1.3414,                0.94595,                 1.5658,             0.00031908,             0.00031908,             0.00031908
                    219,                0.59898,                0.41611,                0.97266,                0.83333,                0.82167,                 0.8581,                0.54841,                 1.3489,                0.92199,                 1.5973,             0.00031541,             0.00031541,             0.00031541
                    220,                0.58411,                0.39598,                 0.9705,                0.80987,                0.82294,                0.85611,                0.54289,                 1.3392,                0.89737,                 1.6051,             0.00031175,             0.00031175,             0.00031175
                    221,                0.58493,                 0.4126,                0.98389,                0.80864,                0.79669,                0.84902,                0.53185,                  1.365,                0.93005,                 1.6086,             0.00030808,             0.00030808,             0.00030808
                    222,                0.59322,                0.40694,                  0.975,                0.85193,                0.80367,                0.84962,                0.54513,                   1.35,                0.89422,                 1.5943,             0.00030441,             0.00030441,             0.00030441
                    223,                0.58461,                 0.3958,                0.96971,                0.85047,                0.81816,                0.85524,                0.55439,                 1.3408,                 0.8644,                 1.5883,             0.00030075,             0.00030075,             0.00030075
                    224,                0.59529,                0.41267,                0.99639,                0.84224,                0.79504,                0.84595,                0.55054,                 1.3279,                0.91714,                 1.5425,             0.00029708,             0.00029708,             0.00029708
                    225,                0.57409,                0.38995,                0.97033,                0.82544,                0.78964,                 0.8401,                0.56016,                 1.2812,                0.93831,                 1.4665,             0.00029342,             0.00029342,             0.00029342
                    226,                0.58784,                0.40673,                0.97227,                0.80049,                0.79243,                0.83523,                0.56579,                 1.2393,                0.94265,                 1.4262,             0.00028975,             0.00028975,             0.00028975
                    227,                0.62162,                 0.4134,                 0.9964,                0.81821,                 0.7791,                0.82288,                0.55444,                 1.2702,                0.97484,                 1.4559,             0.00028608,             0.00028608,             0.00028608
                    228,                0.60476,                0.39992,                0.98095,                0.80549,                0.76954,                0.81529,                0.54172,                  1.323,                0.97703,                 1.5419,             0.00028242,             0.00028242,             0.00028242
                    229,                0.57777,                0.38423,                0.96275,                0.79393,                0.78393,                0.83104,                0.54356,                 1.3304,                 0.9444,                 1.5789,             0.00027875,             0.00027875,             0.00027875
                    230,                0.57515,                0.38972,                 0.9752,                0.78373,                0.78848,                 0.8497,                0.55258,                 1.3345,                0.89188,                 1.5795,             0.00027508,             0.00027508,             0.00027508
                    231,                0.56036,                0.38262,                0.96436,                0.80112,                 0.7974,                0.84922,                0.55568,                 1.3118,                0.88785,                 1.5342,             0.00027142,             0.00027142,             0.00027142
                    232,                0.56035,                0.39072,                0.94838,                0.80552,                0.81462,                0.85659,                0.56522,                 1.2836,                0.89457,                 1.4707,             0.00026775,             0.00026775,             0.00026775
                    233,                0.59532,                0.42085,                0.97811,                0.82719,                0.81436,                0.85043,                0.56619,                 1.2884,                0.88403,                 1.4742,             0.00026408,             0.00026408,             0.00026408
                    234,                0.59327,                0.40983,                0.98942,                0.81884,                0.81815,                0.84773,                 0.5669,                 1.2886,                0.86849,                 1.4895,             0.00026042,             0.00026042,             0.00026042
                    235,                0.63122,                 0.4178,                0.98275,                0.81351,                0.82418,                0.84783,                0.55927,                  1.311,                0.88352,                 1.4902,             0.00025675,             0.00025675,             0.00025675
                    236,                0.57187,                0.38286,                 0.9632,                0.82964,                0.83598,                0.86038,                0.55935,                 1.2943,                0.89426,                 1.4672,             0.00025309,             0.00025309,             0.00025309
                    237,                0.56178,                0.39374,                0.96439,                0.83213,                0.82747,                0.86018,                0.55747,                 1.3016,                0.90313,                 1.4829,             0.00024942,             0.00024942,             0.00024942
